<?xml version="1.0" encoding="utf-8" standalone="no"?><!-- Embedded O2O Web Ccontainer (Tomcat) --><Server port="8005" shutdown="SHUTDOWN">

	<!-- Listeners -->
	<Listener SSLEngine="on" className="org.apache.catalina.core.AprLifecycleListener"/>
	<Listener className="org.apache.catalina.core.JasperListener"/>
	<Listener className="org.apache.catalina.core.JreMemoryLeakPreventionListener"/>
	<Listener className="org.apache.catalina.mbeans.GlobalResourcesLifecycleListener"/>
	<Listener className="org.apache.catalina.core.ThreadLocalLeakPreventionListener"/>

	<!-- Service -->
	<Service name="Catalina">

		<!-- HTTP Connector -->
		<Connector URIEncoding="UTF-8" acceptCount="100" compressableMimeType="text/html,text/xml,text/xhtml,text/css,text/javascript" compression="on" compressionMinSize="2048" connectionTimeout="60000" disableUploadTimeout="true" enableLookups="false" maxHttpHeaderSize="8192" maxPostSize="5242880" maxSpareThreads="75" maxThreads="150" minSpareThreads="25" noCompressionUserAgents="gozilla, traviata" port="8080" protocol="HTTP/1.1" redirectPort="8443"/>

		<!-- HTTPS Connector -->
		<Connector SSLEnabled="true" URIEncoding="UTF-8" acceptCount="100" clientAuth="false" compressableMimeType="text/html,text/xml" compression="on" compressionMinSize="2048" connectionTimeout="60000" disableUploadTimeout="true" enableLookups="false" keystoreFile="security/newks" keystorePass="O2OV500R001" maxHttpHeaderSize="8192" maxPostSize="5242880" maxSpareThreads="75" maxThreads="150" minSpareThreads="25" noCompressionUserAgents="gozilla, traviata" port="8443" protocol="HTTP/1.1" scheme="https" secure="true" sslProtocol="TLS"/>

		<!-- AJP Connectors, disabled in default configuration -->
		<!-- <Connector port="8009" protocol="AJP/1.3" redirectPort="8443" /> -->
		<!-- <Connector port="8019" protocol="AJP/1.3" scheme="https" secure="true" 
			/> -->

		<!-- Engine: o2oEngine -->
		<Engine defaultHost="o2oHost" name="o2oEngine">

			<!-- Host: o2oHost -->
			<Host appBase="web/apps" autoDeploy="false" name="o2oHost" unpackWARs="true" workDir="web/work">

				<!-- No host access log in default configuration -->
				<!-- <Valve className="org.apache.catalina.valves.AccessLogValve" directory="logs" 
					prefix="localhost_access_log." suffix=".txt" pattern="%h %l %u %t &quot;%r&quot; 
					%s %b" /> -->

			</Host>
		</Engine>
	</Service>
</Server>